{
  "version": 2,
  "builds": [
    {
      "src": "server.js",
      "use": "@vercel/node"
    }
  ],
  "rewrites": [
    { "source": "/public/(.*)", "destination": "/public/$1" },
    { "source": "/(.*)", "destination": "/server.js" }
  ],
  "env": {
    "NODE_ENV": "production"
  },
  "headers": [
    {
      "source": "/(.*)",
      "headers": [
        {
          "key": "Access-Control-Allow-Origin",
          "value": "*"
        },
        {
          "key": "Access-Control-Allow-Methods",
          "value": "GET, POST, PUT, DELETE, OPTIONS"
        },
        {
          "key": "Access-Control-Allow-Headers",
          "value": "Content-Type, Authorization"
        }
      ]
    }
  ]
}